{
  "_format": "hh-sol-cache-2",
  "files": {
    "C:\\Users\\VINAYAK\\WebstormProjects\\Decentralized_Escrow_Website\\contracts\\Escrow.sol": {
      "lastModificationDate": 1729699949266,
      "contentHash": "d0a66aadc730490633baff07123f34be",
      "sourceName": "contracts/Escrow.sol",
      "solcConfig": {
        "version": "0.8.0",
        "settings": {
          "optimizer": {
            "enabled": false,
            "runs": 200
          },
          "outputSelection": {
            "*": {
              "*": [
                "abi",
                "evm.bytecode",
                "evm.deployedBytecode",
                "evm.methodIdentifiers",
                "metadata"
              ],
              "": [
                "ast"
              ]
            }
          }
        }
      },
      "imports": [],
      "versionPragmas": [
        "^0.8.0"
      ],
      "artifacts": [
        "Escrow"
      ]
    }
  }
}
